id,first_name,last_name,email,gender
1,Halsey,Andreone,handreone0@printfriendly.com,Agender
2,Web,Fountaine,wfountaine1@twitpic.com,Agender
3,Pepe,Skoggins,pskoggins2@diigo.com,Female
4,Goldie,Chevis,gchevis3@hatena.ne.jp,Genderfluid
5,Joli,Matuszewski,jmatuszewski4@4shared.com,Non-binary
6,Crysta,Wybern,cwybern5@eventbrite.com,Female
7,Evyn,Mulrean,emulrean6@sohu.com,Non-binary
8,Edgard,Kingdon,ekingdon7@soup.io,Bigender
9,Thoma,Casburn,tcasburn8@nyu.edu,Bigender
10,Gwynne,Chiene,gchiene9@google.ru,Male
11,Nellie,MacDermand,nmacdermanda@accuweather.com,Polygender
12,Mordecai,Tinston,mtinstonb@last.fm,Female
13,Genovera,Woodthorpe,gwoodthorpec@spiegel.de,Non-binary
14,Wallie,Daskiewicz,wdaskiewiczd@washington.edu,Genderqueer
15,Darrel,Pigney,dpigneye@chicagotribune.com,Genderqueer
16,Marta,Harfleet,mharfleetf@seesaa.net,Non-binary
17,Josepha,Renvoys,jrenvoysg@ow.ly,Agender
18,Ardath,Tebb,atebbh@storify.com,Female
19,Tonnie,Thunderman,tthundermani@bloglines.com,Male
20,Glen,Cerie,gceriej@pcworld.com,Non-binary
21,Yule,Dickon,ydickonk@chronoengine.com,Bigender
22,Jolynn,Duprey,jdupreyl@guardian.co.uk,Genderqueer
23,Pascal,Mollene,pmollenem@bing.com,Genderfluid
24,Byron,Di Nisco,bdiniscon@wsj.com,Female
25,Nissa,Warrilow,nwarrilowo@hatena.ne.jp,Non-binary
26,Ervin,Wyss,ewyssp@deliciousdays.com,Genderfluid
27,Basile,McCarlie,bmccarlieq@altervista.org,Female
28,Kessiah,Nerval,knervalr@mapy.cz,Polygender
29,Mame,Kingsbury,mkingsburys@weebly.com,Male
30,Johnathan,Wipper,jwippert@arstechnica.com,Genderfluid
31,Cammy,Oldcote,coldcoteu@people.com.cn,Polygender
32,Hayyim,Phair,hphairv@sitemeter.com,Bigender
33,Lizabeth,Affleck,laffleckw@dell.com,Bigender
34,Morton,Dicey,mdiceyx@tumblr.com,Male
35,Marinna,Scopyn,mscopyny@geocities.com,Male
36,Sascha,Sellars,ssellarsz@artisteer.com,Bigender
37,Aloysia,Batiste,abatiste10@vinaora.com,Female
38,Chaim,Sevitt,csevitt11@blog.com,Bigender
39,Maddi,Duell,mduell12@bravesites.com,Bigender
40,Alia,Guittet,aguittet13@sbwire.com,Polygender
41,Herve,Caro,hcaro14@linkedin.com,Bigender
42,Ursuline,Scourgie,uscourgie15@comcast.net,Agender
43,Banky,Brearley,bbrearley16@edublogs.org,Genderfluid
44,Chantal,Vescovini,cvescovini17@paypal.com,Genderqueer
45,Theresita,Gliddon,tgliddon18@webs.com,Polygender
46,Dulciana,Snooks,dsnooks19@so-net.ne.jp,Genderfluid
47,Arlyne,Charnley,acharnley1a@vinaora.com,Male
48,Bealle,Dishmon,bdishmon1b@latimes.com,Polygender
49,Hyacinthie,Curee,hcuree1c@yale.edu,Non-binary
50,Rosabella,Kroon,rkroon1d@amazon.de,Genderqueer
51,Ciel,Budik,cbudik1e@ovh.net,Non-binary
52,Seth,Baudou,sbaudou1f@ebay.co.uk,Female
53,Annalise,Hessing,ahessing1g@ycombinator.com,Male
54,Dalli,Sprott,dsprott1h@businesswire.com,Polygender
55,Florry,Gori,fgori1i@sfgate.com,Male
56,Allegra,Maber,amaber1j@about.com,Genderqueer
57,Nickie,Collicott,ncollicott1k@narod.ru,Genderfluid
58,Orland,Harriagn,oharriagn1l@nymag.com,Female
59,Ruby,Westmarland,rwestmarland1m@washington.edu,Male
60,Giacinta,Claesens,gclaesens1n@webeden.co.uk,Bigender
61,Holli,Mulholland,hmulholland1o@printfriendly.com,Polygender
62,Roxanne,Jacobbe,rjacobbe1p@economist.com,Agender
63,Vance,Marquot,vmarquot1q@liveinternet.ru,Polygender
64,Tripp,Mattholie,tmattholie1r@bravesites.com,Bigender
65,Michale,Lattimore,mlattimore1s@washingtonpost.com,Polygender
66,Stinky,Enefer,senefer1t@eventbrite.com,Male
67,Oralie,Gealle,ogealle1u@gmpg.org,Polygender
68,Raine,Couser,rcouser1v@adobe.com,Bigender
69,Clem,Kleinber,ckleinber1w@gravatar.com,Agender
70,Dareen,Swetenham,dswetenham1x@godaddy.com,Polygender
71,Adela,Redholes,aredholes1y@livejournal.com,Genderfluid
72,Marge,Cosens,mcosens1z@mayoclinic.com,Female
73,Drusi,Wakeham,dwakeham20@census.gov,Agender
74,Vanni,Justis,vjustis21@patch.com,Genderfluid
75,Darcy,Allawy,dallawy22@squarespace.com,Bigender
76,Liz,Masser,lmasser23@europa.eu,Genderfluid
77,Veradis,Duncombe,vduncombe24@amazon.co.jp,Non-binary
78,Germaine,Crissil,gcrissil25@hugedomains.com,Female
79,Tania,Aylin,taylin26@mlb.com,Male
80,Alessandra,Van der Son,avanderson27@fda.gov,Genderfluid
81,Earle,Gercke,egercke28@globo.com,Polygender
82,Ransom,Di Angelo,rdiangelo29@amazon.com,Genderqueer
83,Bernete,Uc,buc2a@tamu.edu,Non-binary
84,Moyna,Slowgrave,mslowgrave2b@rakuten.co.jp,Female
85,Sharai,McAvinchey,smcavinchey2c@newsvine.com,Non-binary
86,Henrik,Dalli,hdalli2d@live.com,Bigender
87,Meredeth,Rusling,mrusling2e@privacy.gov.au,Genderfluid
88,Jenny,Bunton,jbunton2f@canalblog.com,Bigender
89,Freida,Buttle,fbuttle2g@ucsd.edu,Agender
90,Zonda,Sharville,zsharville2h@ihg.com,Female
91,Bentley,Corkett,bcorkett2i@webeden.co.uk,Polygender
92,Pen,Orto,porto2j@cmu.edu,Bigender
93,Lorelei,Durrance,ldurrance2k@webs.com,Agender
94,Fernandina,Else,felse2l@taobao.com,Non-binary
95,Sebastien,McGloughlin,smcgloughlin2m@mayoclinic.com,Male
96,Maryl,Dalman,mdalman2n@google.co.uk,Agender
97,Nancy,Whelpton,nwhelpton2o@vkontakte.ru,Genderfluid
98,Delilah,Gontier,dgontier2p@over-blog.com,Polygender
99,Rupert,Heffernan,rheffernan2q@booking.com,Non-binary
100,Winston,Mault,wmault2r@squarespace.com,Male
101,Shay,Bellringer,sbellringer2s@loc.gov,Bigender
102,Finley,Firbank,ffirbank2t@chron.com,Non-binary
103,Ilyssa,Johnsee,ijohnsee2u@bbc.co.uk,Non-binary
104,Miltie,Eddis,meddis2v@tinypic.com,Male
105,Aeriel,Leggatt,aleggatt2w@cyberchimps.com,Male
106,Kelley,Jeandon,kjeandon2x@patch.com,Agender
107,Melvyn,Thorpe,mthorpe2y@unc.edu,Bigender
108,Ashley,Viles,aviles2z@merriam-webster.com,Non-binary
109,Liz,Zylberdik,lzylberdik30@mail.ru,Polygender
110,Ulises,Foulsham,ufoulsham31@acquirethisname.com,Female
111,Darda,Bussens,dbussens32@sourceforge.net,Female
112,Kelbee,Cockley,kcockley33@europa.eu,Female
113,Neel,Tenny,ntenny34@virginia.edu,Genderqueer
114,Kelley,Roubert,kroubert35@rambler.ru,Non-binary
115,Zita,Brand,zbrand36@time.com,Bigender
116,Rica,Skarman,rskarman37@nih.gov,Non-binary
117,Boone,Flement,bflement38@ucla.edu,Bigender
118,Say,Barkes,sbarkes39@theguardian.com,Bigender
119,Fran,Dawnay,fdawnay3a@usda.gov,Polygender
120,Vickie,Skelbeck,vskelbeck3b@home.pl,Female
121,Ferdinand,Detoile,fdetoile3c@mail.ru,Genderfluid
122,Gusella,Lockart,glockart3d@booking.com,Agender
123,Dido,Thirtle,dthirtle3e@freewebs.com,Non-binary
124,Shea,Twidale,stwidale3f@unesco.org,Genderfluid
125,Wynnie,Phonix,wphonix3g@newyorker.com,Male
126,Gunar,Sabbins,gsabbins3h@techcrunch.com,Non-binary
127,Cornelius,Kleinpeltz,ckleinpeltz3i@washingtonpost.com,Genderfluid
128,Moselle,Clery,mclery3j@dagondesign.com,Genderfluid
129,Nilson,Woodroffe,nwoodroffe3k@opera.com,Polygender
130,Fair,MacKereth,fmackereth3l@bbb.org,Genderqueer
131,Nicoli,Kornalik,nkornalik3m@dmoz.org,Male
132,Brigitte,Attersoll,battersoll3n@yolasite.com,Genderqueer
133,Jasmina,Tumbridge,jtumbridge3o@creativecommons.org,Non-binary
134,Benny,Kwietak,bkwietak3p@csmonitor.com,Female
135,Krystyna,Canape,kcanape3q@sohu.com,Genderqueer
136,Marion,Farebrother,mfarebrother3r@eventbrite.com,Non-binary
137,Cecil,Careless,ccareless3s@barnesandnoble.com,Agender
138,Tobye,Phare,tphare3t@nps.gov,Female
139,Laurette,Grombridge,lgrombridge3u@intel.com,Male
140,Victoir,Linkin,vlinkin3v@marriott.com,Bigender
141,Thaddus,Cutchie,tcutchie3w@ftc.gov,Polygender
142,Valentine,Cottee,vcottee3x@ameblo.jp,Polygender
143,Laureen,Randell,lrandell3y@angelfire.com,Female
144,Skippie,Faldoe,sfaldoe3z@dropbox.com,Male
145,Jannel,Behagg,jbehagg40@ox.ac.uk,Genderfluid
146,Elna,Barkworth,ebarkworth41@hugedomains.com,Non-binary
147,Jobie,Bruneau,jbruneau42@nature.com,Bigender
148,Jonah,Naul,jnaul43@fotki.com,Male
149,Keelia,Scrowson,kscrowson44@cloudflare.com,Male
150,Torie,Jecock,tjecock45@netvibes.com,Genderqueer
151,Bianka,Jost,bjost46@eepurl.com,Agender
152,Clemmy,McGarel,cmcgarel47@gnu.org,Agender
153,Deborah,McKinnon,dmckinnon48@nationalgeographic.com,Female
154,Robbert,Astie,rastie49@newsvine.com,Agender
155,Massimo,Seeger,mseeger4a@blogspot.com,Male
156,Wyn,Drinkel,wdrinkel4b@businessweek.com,Female
157,Malcolm,Creber,mcreber4c@woothemes.com,Non-binary
158,Lauryn,Macauley,lmacauley4d@qq.com,Male
159,Jacobo,Kennefick,jkennefick4e@yahoo.com,Genderqueer
160,Dode,Hildrew,dhildrew4f@lycos.com,Male
161,Desiri,Palphramand,dpalphramand4g@hao123.com,Genderqueer
162,Terza,Plaskitt,tplaskitt4h@rediff.com,Genderfluid
163,Amble,Cannam,acannam4i@angelfire.com,Agender
164,Nobe,Garthside,ngarthside4j@skyrock.com,Male
165,Georgiana,Ailmer,gailmer4k@lulu.com,Agender
166,Brant,Catlow,bcatlow4l@java.com,Male
167,Giovanna,Knowller,gknowller4m@slideshare.net,Male
168,Phyllys,Pringle,ppringle4n@who.int,Male
169,Kelcy,Glavias,kglavias4o@mayoclinic.com,Agender
170,Alfie,Hamments,ahamments4p@un.org,Male
171,Arabelle,Scroggs,ascroggs4q@yale.edu,Agender
172,Eldon,Gyngyll,egyngyll4r@theatlantic.com,Female
173,Jayne,Zaple,jzaple4s@ocn.ne.jp,Bigender
174,Florance,Kleszinski,fkleszinski4t@prweb.com,Bigender
175,Jammal,Bigland,jbigland4u@slate.com,Genderfluid
176,Thorvald,Deavall,tdeavall4v@goo.ne.jp,Female
177,Cirilo,Lenahan,clenahan4w@jimdo.com,Agender
178,Gaylene,Mapstone,gmapstone4x@prlog.org,Bigender
179,Hamid,Haimes,hhaimes4y@mashable.com,Male
180,Cordy,Rubert,crubert4z@github.com,Agender
181,Martita,Fulloway,mfulloway50@constantcontact.com,Female
182,Marlo,Lovel,mlovel51@imgur.com,Polygender
183,Cari,Mendel,cmendel52@posterous.com,Polygender
184,Ruttger,Graalmans,rgraalmans53@ehow.com,Genderfluid
185,Adey,Blaylock,ablaylock54@vimeo.com,Genderfluid
186,Tarra,Chedzoy,tchedzoy55@tamu.edu,Genderfluid
187,Leland,Ryland,lryland56@bigcartel.com,Polygender
188,Jannel,Hoggan,jhoggan57@amazon.com,Non-binary
189,Jamie,Dodd,jdodd58@princeton.edu,Non-binary
190,Kimmie,Turfus,kturfus59@fc2.com,Agender
191,Garwood,Filintsev,gfilintsev5a@google.com.br,Male
192,Barb,Giovanazzi,bgiovanazzi5b@techcrunch.com,Male
193,Melamie,Weymont,mweymont5c@disqus.com,Female
194,Hermie,Sunner,hsunner5d@npr.org,Female
195,Al,Mongain,amongain5e@bloglines.com,Non-binary
196,Garland,Odlin,godlin5f@youtube.com,Bigender
197,Alexandr,Farndon,afarndon5g@wordpress.org,Agender
198,Andy,Rylett,arylett5h@slate.com,Genderfluid
199,Brigitte,Castledine,bcastledine5i@yahoo.co.jp,Genderfluid
200,Maegan,Bonus,mbonus5j@sciencedaily.com,Genderfluid
201,Lucretia,Kealy,lkealy5k@nytimes.com,Male
202,Cherlyn,Bennet,cbennet5l@tmall.com,Genderqueer
203,Krissy,Tschersich,ktschersich5m@deviantart.com,Bigender
204,Annamarie,Denholm,adenholm5n@tamu.edu,Female
205,Celinka,Byass,cbyass5o@google.fr,Non-binary
206,Fidel,Whitewood,fwhitewood5p@biblegateway.com,Polygender
207,Robby,Matous,rmatous5q@google.com,Agender
208,Adel,Luffman,aluffman5r@globo.com,Male
209,Caspar,Ughelli,cughelli5s@thetimes.co.uk,Bigender
210,Jesus,Worsnup,jworsnup5t@eepurl.com,Non-binary
211,Charlie,Loughren,cloughren5u@mysql.com,Male
212,Jameson,Fayter,jfayter5v@geocities.jp,Agender
213,Minna,Lainge,mlainge5w@amazon.co.jp,Genderfluid
214,Pauli,Le Maitre,plemaitre5x@odnoklassniki.ru,Agender
215,Marty,Coale,mcoale5y@desdev.cn,Non-binary
216,Vittorio,Moline,vmoline5z@google.de,Bigender
217,Bald,McLoney,bmcloney60@seesaa.net,Non-binary
218,Yolane,Vinnicombe,yvinnicombe61@ifeng.com,Female
219,Avrit,Filipic,afilipic62@booking.com,Male
220,Deana,Tuther,dtuther63@behance.net,Genderqueer
221,Gregory,Bertin,gbertin64@parallels.com,Bigender
222,Jarrid,Laurisch,jlaurisch65@miitbeian.gov.cn,Male
223,Timmie,Cicchitello,tcicchitello66@dmoz.org,Genderfluid
224,Daphne,Sandwick,dsandwick67@ehow.com,Bigender
225,Georges,Masarrat,gmasarrat68@house.gov,Female
226,Hewett,Jori,hjori69@omniture.com,Agender
227,Audi,Cella,acella6a@bloomberg.com,Polygender
228,Isadore,Bizzey,ibizzey6b@rakuten.co.jp,Non-binary
229,Tobias,Brainsby,tbrainsby6c@cnet.com,Polygender
230,Tamma,McCully,tmccully6d@nasa.gov,Agender
231,Truman,Hollerin,thollerin6e@gmpg.org,Non-binary
232,Allard,Cuckoo,acuckoo6f@hhs.gov,Non-binary
233,Maudie,Shellard,mshellard6g@cargocollective.com,Polygender
234,Filberto,Kilrow,fkilrow6h@studiopress.com,Polygender
235,Kiah,Eymor,keymor6i@squidoo.com,Male
236,L;urette,Ten Broek,ltenbroek6j@netlog.com,Bigender
237,Tamas,Anthoin,tanthoin6k@apache.org,Non-binary
238,Codie,Walkingshaw,cwalkingshaw6l@bloglines.com,Agender
239,Dannel,Gotts,dgotts6m@people.com.cn,Non-binary
240,Kelli,Bifield,kbifield6n@prweb.com,Female
241,Trish,Revie,trevie6o@boston.com,Bigender
242,Alameda,Hearnes,ahearnes6p@google.com.hk,Non-binary
243,Emmanuel,Worsnap,eworsnap6q@hhs.gov,Female
244,Gisella,Greenstreet,ggreenstreet6r@narod.ru,Agender
245,Currey,Haugen,chaugen6s@mapy.cz,Genderqueer
246,Dolorita,Bartoshevich,dbartoshevich6t@chronoengine.com,Male
247,Katheryn,Berg,kberg6u@hc360.com,Polygender
248,Cal,Garnar,cgarnar6v@newyorker.com,Male
249,Jude,Matteotti,jmatteotti6w@npr.org,Polygender
250,Natal,Padillo,npadillo6x@adobe.com,Female
251,Tallia,Birkmyr,tbirkmyr6y@accuweather.com,Non-binary
252,Alfonse,Winterton,awinterton6z@blogs.com,Genderqueer
253,Tildie,Inch,tinch70@sina.com.cn,Bigender
254,Alyss,O' Clovan,aoclovan71@naver.com,Female
255,Herrick,Teresi,hteresi72@google.ca,Non-binary
256,Ephraim,Morcomb,emorcomb73@omniture.com,Bigender
257,Netta,Spinola,nspinola74@storify.com,Male
258,Jammie,Bielefeld,jbielefeld75@bloomberg.com,Bigender
259,Shari,Feechan,sfeechan76@technorati.com,Agender
260,Stavros,Yesipov,syesipov77@globo.com,Non-binary
261,Lilas,Casolla,lcasolla78@arizona.edu,Male
262,Fania,Soitoux,fsoitoux79@reverbnation.com,Male
263,Nanci,Dauncey,ndauncey7a@nhs.uk,Non-binary
264,Giraud,Edgson,gedgson7b@indiatimes.com,Genderqueer
265,Dena,Ellery,dellery7c@icq.com,Genderqueer
266,Amelita,Splaven,asplaven7d@netlog.com,Bigender
267,Tudor,Gulley,tgulley7e@slate.com,Genderfluid
268,Claudetta,Stilly,cstilly7f@nydailynews.com,Polygender
269,Matthus,McGurk,mmcgurk7g@dailymotion.com,Male
270,Tadeo,Gerritsma,tgerritsma7h@rakuten.co.jp,Agender
271,Jodie,Thorrold,jthorrold7i@mtv.com,Genderfluid
272,Donavon,Brymner,dbrymner7j@theguardian.com,Female
273,Katerine,Milch,kmilch7k@columbia.edu,Non-binary
274,Garreth,Spain,gspain7l@zdnet.com,Bigender
275,Kevin,Barnaby,kbarnaby7m@over-blog.com,Genderqueer
276,Antin,Denys,adenys7n@deviantart.com,Genderqueer
277,Petey,Glowacki,pglowacki7o@engadget.com,Male
278,Padraig,Bellocht,pbellocht7p@si.edu,Non-binary
279,Kissee,Gell,kgell7q@umn.edu,Genderqueer
280,Kassie,Marzellano,kmarzellano7r@facebook.com,Female
281,Ania,Hickisson,ahickisson7s@list-manage.com,Genderfluid
282,Kaycee,Linebarger,klinebarger7t@gov.uk,Bigender
283,Shawnee,Loch,sloch7u@independent.co.uk,Genderfluid
284,Daffie,Red,dred7v@wikipedia.org,Agender
285,Wilbert,Tweedle,wtweedle7w@paypal.com,Bigender
286,Ethelbert,Huxster,ehuxster7x@thetimes.co.uk,Agender
287,Ariadne,Lenham,alenham7y@dailymotion.com,Male
288,Pauly,Warlaw,pwarlaw7z@japanpost.jp,Bigender
289,Frederik,MacCathay,fmaccathay80@dailymail.co.uk,Bigender
290,Martelle,Brommage,mbrommage81@ezinearticles.com,Male
291,Elaine,La Vigne,elavigne82@spotify.com,Agender
292,Pren,Ibbetson,pibbetson83@163.com,Polygender
293,Aloin,Margrie,amargrie84@umich.edu,Male
294,Dulcie,Eagleston,deagleston85@redcross.org,Non-binary
295,Tomkin,Ivanenko,tivanenko86@gnu.org,Non-binary
296,Janessa,Antill,jantill87@g.co,Genderqueer
297,Delmar,Brook,dbrook88@squidoo.com,Female
298,Ansley,Pickle,apickle89@parallels.com,Male
299,Rickey,Yitzovicz,ryitzovicz8a@oracle.com,Non-binary
300,Sheryl,Crosse,scrosse8b@businessinsider.com,Polygender
301,Kelli,Rolf,krolf8c@intel.com,Male
302,Sianna,Ivatts,sivatts8d@arizona.edu,Male
303,Antonio,Aasaf,aaasaf8e@nih.gov,Genderfluid
304,Amory,Maharry,amaharry8f@yahoo.com,Agender
305,Smitty,Rowsel,srowsel8g@sphinn.com,Female
306,Ann-marie,Sjollema,asjollema8h@disqus.com,Female
307,Lissy,Revill,lrevill8i@yahoo.com,Male
308,Joli,Bartholomaus,jbartholomaus8j@census.gov,Bigender
309,Forest,Ketteridge,fketteridge8k@hatena.ne.jp,Male
310,Abba,Childrens,achildrens8l@aol.com,Genderfluid
311,Trevor,Lestor,tlestor8m@tripod.com,Genderfluid
312,Modesty,Fitchett,mfitchett8n@goo.ne.jp,Non-binary
313,Avivah,Biermatowicz,abiermatowicz8o@alexa.com,Genderfluid
314,Scot,Maharry,smaharry8p@youku.com,Female
315,Husein,Twort,htwort8q@ow.ly,Agender
316,Harland,Redmayne,hredmayne8r@cloudflare.com,Bigender
317,Gnni,Lacer,glacer8s@google.ru,Male
318,Rogers,Kennett,rkennett8t@samsung.com,Male
319,Putnam,Ciccoloi,pciccoloi8u@zdnet.com,Agender
320,Enriqueta,Sandercock,esandercock8v@slate.com,Bigender
321,Ellynn,Siely,esiely8w@japanpost.jp,Bigender
322,Michel,Benedite,mbenedite8x@usa.gov,Male
323,Chloette,L'oiseau,cloiseau8y@craigslist.org,Agender
324,Edin,Tumber,etumber8z@icio.us,Agender
325,Corabel,Lumsdaine,clumsdaine90@vinaora.com,Non-binary
326,Thorpe,Sircomb,tsircomb91@va.gov,Male
327,Tabbatha,Reagan,treagan92@hexun.com,Genderqueer
328,Rochell,Gerhartz,rgerhartz93@sohu.com,Agender
329,Bren,Iscowitz,biscowitz94@angelfire.com,Female
330,Celinka,Dykes,cdykes95@typepad.com,Genderqueer
331,Carmine,Dutnall,cdutnall96@edublogs.org,Female
332,Emmaline,Inchbald,einchbald97@xing.com,Male
333,Marillin,Ridpath,mridpath98@jiathis.com,Genderqueer
334,Langston,Buddington,lbuddington99@mac.com,Genderfluid
335,Elliott,Binney,ebinney9a@dell.com,Agender
336,Zorine,Riall,zriall9b@dailymail.co.uk,Male
337,Hedda,Annott,hannott9c@tripod.com,Female
338,Jami,Gianneschi,jgianneschi9d@noaa.gov,Bigender
339,Teresa,Marian,tmarian9e@wiley.com,Non-binary
340,Rosetta,Wagstaffe,rwagstaffe9f@rediff.com,Agender
341,Corrie,Dresser,cdresser9g@paginegialle.it,Female
342,Melisse,Bullick,mbullick9h@soup.io,Genderqueer
343,Oriana,Bletso,obletso9i@ask.com,Male
344,Adaline,Sapshed,asapshed9j@nytimes.com,Genderfluid
345,Dyanna,Mousby,dmousby9k@skyrock.com,Male
346,Alphard,Elms,aelms9l@ftc.gov,Bigender
347,Madlin,Filippi,mfilippi9m@shop-pro.jp,Polygender
348,Reinaldo,Adamovicz,radamovicz9n@bloglines.com,Agender
349,Patten,Hollindale,phollindale9o@cnn.com,Agender
350,Nanni,Walhedd,nwalhedd9p@amazon.co.jp,Male
351,Poppy,Shiers,pshiers9q@pagesperso-orange.fr,Genderqueer
352,Mayor,Pitchers,mpitchers9r@creativecommons.org,Non-binary
353,Gerrie,Bowmen,gbowmen9s@unblog.fr,Female
354,Pierre,Dannohl,pdannohl9t@stanford.edu,Agender
355,Pia,Veljes,pveljes9u@scientificamerican.com,Non-binary
356,Brennen,Merioth,bmerioth9v@google.ca,Bigender
357,Harland,Rheubottom,hrheubottom9w@uiuc.edu,Bigender
358,Katuscha,Teulier,kteulier9x@microsoft.com,Non-binary
359,Becki,Parmley,bparmley9y@paginegialle.it,Male
360,Dodie,Swatland,dswatland9z@comsenz.com,Agender
361,Hewet,Madine,hmadinea0@cbc.ca,Genderqueer
362,Davon,Hinstock,dhinstocka1@admin.ch,Non-binary
363,Vinny,Verry,vverrya2@issuu.com,Agender
364,Flor,Van Velden,fvanveldena3@independent.co.uk,Genderfluid
365,Ignacio,Hurlin,ihurlina4@mit.edu,Genderfluid
366,Dredi,Hasney,dhasneya5@answers.com,Male
367,Rivkah,De Blase,rdeblasea6@cmu.edu,Non-binary
368,Quill,Maleby,qmalebya7@howstuffworks.com,Polygender
369,Alonso,McKeran,amckerana8@epa.gov,Bigender
370,Rorke,Ferronet,rferroneta9@engadget.com,Genderqueer
371,Lena,Vinall,lvinallaa@imageshack.us,Non-binary
372,Yasmeen,McKerlie,ymckerlieab@4shared.com,Male
373,Brana,Derisly,bderislyac@cnbc.com,Genderfluid
374,Lenka,Dyett,ldyettad@edublogs.org,Agender
375,Berny,Jolin,bjolinae@webnode.com,Bigender
376,Desdemona,Sale,dsaleaf@smh.com.au,Non-binary
377,Myrna,Ochterlony,mochterlonyag@deliciousdays.com,Agender
378,Chantal,Segar,csegarah@tripadvisor.com,Male
379,Emogene,Lorenzin,elorenzinai@moonfruit.com,Male
380,Benoite,Norree,bnorreeaj@bloglovin.com,Polygender
381,Quintin,Disney,qdisneyak@seesaa.net,Bigender
382,Ayn,Thibodeaux,athibodeauxal@blogs.com,Bigender
383,Lu,Ayers,layersam@cdc.gov,Male
384,Herschel,Billham,hbillhaman@disqus.com,Male
385,Evangelina,Trevett,etrevettao@sfgate.com,Genderfluid
386,Shandy,Crabbe,scrabbeap@seesaa.net,Male
387,Mae,Cosgreave,mcosgreaveaq@statcounter.com,Agender
388,Cynthia,Grabert,cgrabertar@amazon.de,Genderqueer
389,Marris,Baggelley,mbaggelleyas@constantcontact.com,Non-binary
390,Thoma,Lenaghen,tlenaghenat@example.com,Bigender
391,Kathleen,Kohter,kkohterau@dyndns.org,Bigender
392,Sashenka,Smaile,ssmaileav@163.com,Genderqueer
393,Regina,Turley,rturleyaw@domainmarket.com,Male
394,Idaline,Torbard,itorbardax@xing.com,Female
395,Joletta,Monger,jmongeray@go.com,Non-binary
396,Carline,Josipovitz,cjosipovitzaz@360.cn,Genderfluid
397,Anne-corinne,Chippin,achippinb0@pen.io,Polygender
398,Nicko,Pendle,npendleb1@princeton.edu,Polygender
399,Jillie,Crosthwaite,jcrosthwaiteb2@privacy.gov.au,Bigender
400,Almeria,Bowater,abowaterb3@goo.ne.jp,Bigender
401,Erhart,Dencs,edencsb4@goodreads.com,Agender
402,Brod,Cocke,bcockeb5@bloglines.com,Genderfluid
403,Armando,Pickthall,apickthallb6@imdb.com,Male
404,Federica,Wagen,fwagenb7@trellian.com,Genderqueer
405,Jo,Delooze,jdeloozeb8@indiatimes.com,Male
406,Flore,Davidov,fdavidovb9@gov.uk,Bigender
407,Ollie,Curthoys,ocurthoysba@jiathis.com,Polygender
408,Marietta,McCaster,mmccasterbb@uol.com.br,Genderqueer
409,Udell,Chang,uchangbc@latimes.com,Genderfluid
410,Gerome,Wrenn,gwrennbd@amazon.co.uk,Bigender
411,Koo,Garbert,kgarbertbe@delicious.com,Agender
412,Jodi,Sans,jsansbf@goo.ne.jp,Male
413,Vyky,Tompkins,vtompkinsbg@squidoo.com,Non-binary
414,Sally,Crowter,scrowterbh@amazon.com,Polygender
415,Beale,Eustice,beusticebi@ca.gov,Polygender
416,Derril,Renals,drenalsbj@usatoday.com,Genderfluid
417,Franny,Marusik,fmarusikbk@blog.com,Genderqueer
418,Zelma,Ferrucci,zferruccibl@xing.com,Male
419,Jefferey,Mauro,jmaurobm@omniture.com,Genderqueer
420,Rubin,Lamers,rlamersbn@npr.org,Genderfluid
421,Gizela,Durrans,gdurransbo@nsw.gov.au,Genderqueer
422,Bary,Washbrook,bwashbrookbp@usda.gov,Genderfluid
423,Edik,Olivie,eoliviebq@bing.com,Male
424,Kin,O'Hederscoll,kohederscollbr@mit.edu,Genderfluid
425,Teresita,Porter,tporterbs@unicef.org,Non-binary
426,Aurlie,Rugiero,arugierobt@nhs.uk,Polygender
427,Elinore,Drysdale,edrysdalebu@prlog.org,Genderqueer
428,Janey,Ottee,jotteebv@domainmarket.com,Agender
429,Dulcinea,Filoniere,dfilonierebw@japanpost.jp,Female
430,Merl,Owbridge,mowbridgebx@behance.net,Non-binary
431,Franny,O'Feeny,fofeenyby@seesaa.net,Bigender
432,Charline,Defont,cdefontbz@house.gov,Polygender
433,Brok,Lumber,blumberc0@deliciousdays.com,Polygender
434,Shannen,Mountain,smountainc1@chicagotribune.com,Female
435,Trixie,Wraggs,twraggsc2@earthlink.net,Bigender
436,Aubree,Eastment,aeastmentc3@ocn.ne.jp,Female
437,Burg,Behnecken,bbehneckenc4@feedburner.com,Genderqueer
438,Breena,Maffi,bmaffic5@telegraph.co.uk,Polygender
439,Rica,Whittick,rwhittickc6@craigslist.org,Agender
440,Helena,Fairpool,hfairpoolc7@topsy.com,Bigender
441,Eleanore,Tozer,etozerc8@sitemeter.com,Non-binary
442,Krystalle,Lackeye,klackeyec9@qq.com,Genderqueer
443,Elisa,Gabotti,egabottica@nature.com,Non-binary
444,Aurilia,Olenchenko,aolenchenkocb@irs.gov,Non-binary
445,Astrix,Checchetelli,achecchetellicc@scientificamerican.com,Genderfluid
446,Kaela,Soigne,ksoignecd@godaddy.com,Genderqueer
447,Ronald,Biggin,rbiggince@sourceforge.net,Genderfluid
448,Teddi,Loakes,tloakescf@gnu.org,Genderfluid
449,Pasquale,Farens,pfarenscg@ezinearticles.com,Female
450,Alex,Beany,abeanych@yandex.ru,Bigender
451,Marrilee,Twitching,mtwitchingci@freewebs.com,Agender
452,Othella,Cosgrove,ocosgrovecj@example.com,Genderfluid
453,Haley,Sterre,hsterreck@nba.com,Polygender
454,Mitchell,Livingstone,mlivingstonecl@wunderground.com,Genderqueer
455,Roselin,Dally,rdallycm@cloudflare.com,Bigender
456,Broderick,Chesters,bchesterscn@deliciousdays.com,Bigender
457,Gael,De Simone,gdesimoneco@bbc.co.uk,Genderqueer
458,Leonid,Goulborn,lgoulborncp@fotki.com,Genderqueer
459,Xerxes,Cassy,xcassycq@diigo.com,Female
460,Lay,Bukowski,lbukowskicr@cmu.edu,Agender
461,Cindi,Pennazzi,cpennazzics@nhs.uk,Agender
462,Horst,Hitzschke,hhitzschkect@cam.ac.uk,Bigender
463,Moishe,Choat,mchoatcu@diigo.com,Agender
464,Calhoun,Bachelor,cbachelorcv@fema.gov,Agender
465,Nelli,Trethowan,ntrethowancw@smh.com.au,Genderfluid
466,Ronald,Hinken,rhinkencx@miitbeian.gov.cn,Agender
467,Heath,Conquer,hconquercy@who.int,Polygender
468,Liesa,Addenbrooke,laddenbrookecz@archive.org,Non-binary
469,Beatrisa,Jarad,bjaradd0@wunderground.com,Agender
470,Lori,Lindback,llindbackd1@shinystat.com,Genderqueer
471,Barde,Cotty,bcottyd2@slate.com,Genderqueer
472,Earvin,Haycraft,ehaycraftd3@creativecommons.org,Male
473,Lynett,Hedditch,lhedditchd4@dailymail.co.uk,Male
474,Aprilette,Boundey,aboundeyd5@reference.com,Non-binary
475,Bianca,Aiskovitch,baiskovitchd6@artisteer.com,Genderqueer
476,Henka,Madgewick,hmadgewickd7@hubpages.com,Bigender
477,Eleonora,Cornbell,ecornbelld8@tamu.edu,Genderfluid
478,Keary,Flemming,kflemmingd9@answers.com,Bigender
479,Papageno,Hadley,phadleyda@noaa.gov,Male
480,Witty,Zannini,wzanninidb@amazon.co.jp,Agender
481,Svend,Dignan,sdignandc@ezinearticles.com,Polygender
482,Nalani,Kalinsky,nkalinskydd@mail.ru,Agender
483,Dre,Wimes,dwimesde@dagondesign.com,Female
484,Auberta,Linsay,alinsaydf@upenn.edu,Genderqueer
485,Miles,Renneke,mrennekedg@bizjournals.com,Male
486,Tann,Diehn,tdiehndh@soup.io,Bigender
487,Ferris,Minor,fminordi@over-blog.com,Agender
488,Eolande,Rozet,erozetdj@nbcnews.com,Genderfluid
489,Federico,McFayden,fmcfaydendk@vkontakte.ru,Polygender
490,Dora,Kumar,dkumardl@canalblog.com,Agender
491,Guss,Munday,gmundaydm@networkadvertising.org,Genderfluid
492,Jeanne,Ledner,jlednerdn@blogspot.com,Male
493,Harley,Matteuzzi,hmatteuzzido@alexa.com,Non-binary
494,Jamal,Yakubov,jyakubovdp@goodreads.com,Male
495,Noble,Yurkiewicz,nyurkiewiczdq@barnesandnoble.com,Genderfluid
496,Ilka,LaBastida,ilabastidadr@webnode.com,Genderqueer
497,Jessie,Briskey,jbriskeyds@ezinearticles.com,Non-binary
498,Reade,Ormond,rormonddt@dell.com,Genderfluid
499,Fernando,Chisholme,fchisholmedu@flickr.com,Polygender
500,Paulie,Fiddeman,pfiddemandv@mlb.com,Genderqueer
501,Lynn,Cutriss,lcutrissdw@cnn.com,Male
502,Tanny,Stern,tsterndx@fastcompany.com,Female
503,Nat,Kment,nkmentdy@washingtonpost.com,Polygender
504,Colette,Norrie,cnorriedz@census.gov,Polygender
505,Roderic,Swynfen,rswynfene0@1688.com,Male
506,Kora,Robel,krobele1@si.edu,Female
507,Morten,Verrechia,mverrechiae2@utexas.edu,Agender
508,Allistir,Daughtrey,adaughtreye3@phoca.cz,Non-binary
509,Erika,Roches,erochese4@example.com,Female
510,Whitaker,Pie,wpiee5@blogtalkradio.com,Agender
511,Carlie,Bowditch,cbowditche6@nytimes.com,Genderfluid
512,Ade,MacNess,amacnesse7@wikipedia.org,Female
513,Nissa,Eborn,neborne8@epa.gov,Polygender
514,Maybelle,Benny,mbennye9@tinyurl.com,Non-binary
515,Noami,Stilgo,nstilgoea@istockphoto.com,Female
516,Joshia,Foye,jfoyeeb@who.int,Non-binary
517,Kristien,McWhorter,kmcwhorterec@de.vu,Bigender
518,Selle,Haddow,shaddowed@gmpg.org,Non-binary
519,Hildagard,Levay,hlevayee@deliciousdays.com,Genderqueer
520,Grethel,McCullogh,gmcculloghef@addtoany.com,Polygender
521,Kit,Laurenz,klaurenzeg@oakley.com,Polygender
522,Eleanora,Crother,ecrothereh@cpanel.net,Polygender
523,Anestassia,Bucham,abuchamei@ihg.com,Male
524,Bridgette,Hindenberger,bhindenbergerej@umn.edu,Bigender
525,Carlin,Raycroft,craycroftek@ibm.com,Male
526,Niel,McCrone,nmccroneel@ocn.ne.jp,Male
527,Janene,Tennick,jtennickem@dedecms.com,Polygender
528,Issie,Callam,icallamen@photobucket.com,Female
529,Bernice,Sebborn,bsebborneo@weibo.com,Agender
530,Simmonds,Hellcat,shellcatep@furl.net,Female
531,Edie,Sotheby,esothebyeq@cnet.com,Genderfluid
532,Sam,Baily,sbailyer@diigo.com,Female
533,Dodie,Shellsheere,dshellsheerees@pinterest.com,Non-binary
534,Dwayne,Sidden,dsiddenet@posterous.com,Female
535,Frans,Zannelli,fzannellieu@cnn.com,Genderfluid
536,Verge,Kilroy,vkilroyev@pagesperso-orange.fr,Genderqueer
537,Johny,Malmar,jmalmarew@amazon.co.jp,Bigender
538,Carlynn,Eccott,ceccottex@army.mil,Genderqueer
539,Dario,Hefferan,dhefferaney@soundcloud.com,Male
540,Janeczka,Whinray,jwhinrayez@behance.net,Agender
541,Antons,Desesquelle,adesesquellef0@com.com,Male
542,Klemens,Dowman,kdowmanf1@cornell.edu,Genderqueer
543,Nanci,Cornillot,ncornillotf2@webeden.co.uk,Non-binary
544,Rosemarie,Begg,rbeggf3@multiply.com,Polygender
545,Stanislaus,Kayser,skayserf4@uiuc.edu,Genderqueer
546,Consuelo,Keyme,ckeymef5@chronoengine.com,Genderqueer
547,Celestyna,McAlpine,cmcalpinef6@gmpg.org,Genderfluid
548,Antone,Broyd,abroydf7@lulu.com,Genderqueer
549,Clio,Huffy,chuffyf8@nydailynews.com,Male
550,Kacie,Poppy,kpoppyf9@multiply.com,Agender
551,Hillyer,Emson,hemsonfa@example.com,Bigender
552,Thekla,Moakler,tmoaklerfb@craigslist.org,Non-binary
553,Ilse,Vannuchi,ivannuchifc@wix.com,Male
554,Orson,Swinden,oswindenfd@cloudflare.com,Genderqueer
555,Damien,Fincken,dfinckenfe@squarespace.com,Genderqueer
556,Mal,Fidgett,mfidgettff@about.com,Agender
557,Chane,Cropton,ccroptonfg@discovery.com,Genderqueer
558,Philippa,Jolliss,pjollissfh@businessinsider.com,Male
559,Modestia,Figger,mfiggerfi@plala.or.jp,Agender
560,Ricardo,Shawyer,rshawyerfj@taobao.com,Non-binary
561,Ashlen,Medlar,amedlarfk@multiply.com,Non-binary
562,Brena,De Beauchemp,bdebeauchempfl@reddit.com,Female
563,Xylia,Bernardinelli,xbernardinellifm@google.com,Female
564,Wheeler,Edmundson,wedmundsonfn@prweb.com,Polygender
565,Jeannine,Barrow,jbarrowfo@telegraph.co.uk,Polygender
566,Madel,Chartres,mchartresfp@mozilla.org,Genderfluid
567,Janifer,Scholes,jscholesfq@pagesperso-orange.fr,Genderfluid
568,Tabbie,Coult,tcoultfr@ow.ly,Male
569,Arman,Tench,atenchfs@wordpress.com,Male
570,Martie,Fursse,mfursseft@chicagotribune.com,Non-binary
571,Nancy,Laborde,nlabordefu@deviantart.com,Agender
572,Caye,Daintree,cdaintreefv@springer.com,Polygender
573,Clarissa,Sebley,csebleyfw@loc.gov,Agender
574,Anderson,Midghall,amidghallfx@cisco.com,Male
575,Kacy,Hansford,khansfordfy@cam.ac.uk,Bigender
576,Genia,Privett,gprivettfz@columbia.edu,Genderqueer
577,Tish,Tomankiewicz,ttomankiewiczg0@rakuten.co.jp,Polygender
578,Loren,Tichelaar,ltichelaarg1@chron.com,Female
579,Feliza,Stollwerck,fstollwerckg2@phpbb.com,Female
580,Marysa,Maybury,mmayburyg3@wp.com,Male
581,Clari,Sleeford,csleefordg4@si.edu,Male
582,Orbadiah,Cockrill,ocockrillg5@studiopress.com,Agender
583,Nobie,Klicher,nklicherg6@dion.ne.jp,Agender
584,Rufus,Ungerecht,rungerechtg7@yale.edu,Non-binary
585,Armand,Widd,awiddg8@shop-pro.jp,Female
586,Virginie,Presland,vpreslandg9@surveymonkey.com,Bigender
587,Maressa,Emm,memmga@go.com,Polygender
588,Marlee,Nucator,mnucatorgb@amazon.co.uk,Agender
589,Gan,Lygoe,glygoegc@tripadvisor.com,Genderqueer
590,Alfred,Hamer,ahamergd@tiny.cc,Polygender
591,Armin,Hobbing,ahobbingge@sun.com,Bigender
592,Gabby,List,glistgf@cyberchimps.com,Agender
593,Norris,Logsdail,nlogsdailgg@sohu.com,Agender
594,Alanah,Kik,akikgh@twitpic.com,Male
595,Nobe,Hollow,nhollowgi@behance.net,Agender
596,Anett,Illston,aillstongj@csmonitor.com,Genderqueer
597,Eb,Barizeret,ebarizeretgk@yahoo.com,Agender
598,Lorenza,Ghelerdini,lghelerdinigl@loc.gov,Genderfluid
599,Berni,Sidden,bsiddengm@google.it,Bigender
600,Hana,Clague,hclaguegn@wikispaces.com,Polygender
601,Luz,Maleham,lmalehamgo@ucoz.com,Agender
602,Trixie,Lightwood,tlightwoodgp@yelp.com,Polygender
603,Jeniece,Filippo,jfilippogq@discuz.net,Genderfluid
604,Kaleena,Dell 'Orto,kdellortogr@comsenz.com,Genderfluid
605,Rutter,Ormes,rormesgs@springer.com,Male
606,Dania,Denington,ddeningtongt@yandex.ru,Male
607,Dara,Varrow,dvarrowgu@exblog.jp,Genderqueer
608,Michele,Bleby,mblebygv@biglobe.ne.jp,Genderfluid
609,Margo,Bellworthy,mbellworthygw@t-online.de,Polygender
610,Honor,Pitchers,hpitchersgx@squarespace.com,Male
611,Anabella,Reeday,areedaygy@businesswire.com,Female
612,Tillie,Popley,tpopleygz@discuz.net,Genderqueer
613,Aurelea,Lammerich,alammerichh0@qq.com,Agender
614,Patric,Canelas,pcanelash1@ustream.tv,Male
615,Zolly,Huetson,zhuetsonh2@adobe.com,Bigender
616,Merola,Pickervance,mpickervanceh3@wikimedia.org,Polygender
617,Ellwood,Hilary,ehilaryh4@163.com,Agender
618,Ina,Goede,igoedeh5@ycombinator.com,Genderfluid
619,Ansel,Castree,acastreeh6@ow.ly,Agender
620,Sheeree,Simner,ssimnerh7@umn.edu,Agender
621,Teddy,Mottini,tmottinih8@slate.com,Genderfluid
622,Kristien,Missington,kmissingtonh9@webnode.com,Female
623,Quintina,Alred,qalredha@imgur.com,Polygender
624,Brenda,Dorr,bdorrhb@nasa.gov,Female
625,Shaylynn,Berzin,sberzinhc@theguardian.com,Non-binary
626,Margarette,Leyden,mleydenhd@sciencedirect.com,Polygender
627,Read,Kleewein,rkleeweinhe@disqus.com,Male
628,Jo,Windross,jwindrosshf@comcast.net,Female
629,Kylen,Toby,ktobyhg@dot.gov,Genderqueer
630,Tiffi,Zylberdik,tzylberdikhh@yolasite.com,Non-binary
631,Valida,Matveyev,vmatveyevhi@printfriendly.com,Non-binary
632,Gherardo,Gavriel,ggavrielhj@ft.com,Female
633,Casey,Axup,caxuphk@google.com,Female
634,Candra,Clardge,cclardgehl@cornell.edu,Polygender
635,Rosco,Guile,rguilehm@moonfruit.com,Genderqueer
636,Edgard,Holtaway,eholtawayhn@t-online.de,Bigender
637,Tabatha,Bilney,tbilneyho@slashdot.org,Male
638,Alister,Wickrath,awickrathhp@bizjournals.com,Genderfluid
639,Karina,Jizhaki,kjizhakihq@oakley.com,Bigender
640,Pat,Byrcher,pbyrcherhr@creativecommons.org,Bigender
641,Billie,Goodlud,bgoodludhs@purevolume.com,Male
642,Quill,Broadbent,qbroadbentht@nymag.com,Agender
643,Shepherd,Yearnes,syearneshu@dion.ne.jp,Genderfluid
644,Alexandra,Feenan,afeenanhv@bbc.co.uk,Bigender
645,Otes,Norcliffe,onorcliffehw@admin.ch,Bigender
646,Bendick,Gligoraci,bgligoracihx@cbc.ca,Agender
647,Munmro,Brito,mbritohy@gravatar.com,Bigender
648,Lon,Edkins,ledkinshz@squidoo.com,Female
649,Estrella,Youens,eyouensi0@bloomberg.com,Polygender
650,Adeline,Perring,aperringi1@comcast.net,Polygender
651,Carson,Riall,crialli2@dot.gov,Non-binary
652,Ginevra,Brittle,gbrittlei3@quantcast.com,Male
653,Dorelia,Ferriby,dferribyi4@friendfeed.com,Non-binary
654,Kathie,Ferrarello,kferrarelloi5@ca.gov,Polygender
655,Annabell,Comins,acominsi6@zdnet.com,Polygender
656,Aryn,Tydd,atyddi7@trellian.com,Genderfluid
657,Knox,Stoddart,kstoddarti8@accuweather.com,Agender
658,Neille,Scholfield,nscholfieldi9@infoseek.co.jp,Bigender
659,Millisent,Housbie,mhousbieia@canalblog.com,Bigender
660,Baily,Caddy,bcaddyib@biglobe.ne.jp,Genderfluid
661,Levey,Pancoust,lpancoustic@prlog.org,Genderqueer
662,Webb,Gavrieli,wgavrieliid@xinhuanet.com,Agender
663,Raddy,Dumphry,rdumphryie@fema.gov,Bigender
664,Zelda,Lob,zlobif@arstechnica.com,Male
665,Rafaelita,Parkhouse,rparkhouseig@arizona.edu,Bigender
666,Ruby,Eames,reamesih@un.org,Genderqueer
667,Margette,Parley,mparleyii@dion.ne.jp,Agender
668,Felice,Lightning,flightningij@dropbox.com,Polygender
669,Doloritas,Akhurst,dakhurstik@simplemachines.org,Polygender
670,Kaitlin,Seymour,kseymouril@dedecms.com,Genderfluid
671,Joleen,Matyushenko,jmatyushenkoim@gnu.org,Genderfluid
672,Mylo,Sollime,msollimein@webmd.com,Agender
673,Querida,Jostan,qjostanio@friendfeed.com,Bigender
674,Consalve,Gaunter,cgaunterip@ameblo.jp,Female
675,Erasmus,Haythorne,ehaythorneiq@behance.net,Genderfluid
676,Brnaby,Lantiffe,blantiffeir@hatena.ne.jp,Female
677,Salem,Brevetor,sbrevetoris@arizona.edu,Genderqueer
678,Dore,Dilley,ddilleyit@google.com,Polygender
679,Cecilio,Tabert,ctabertiu@wisc.edu,Non-binary
680,Lilli,Jobey,ljobeyiv@fda.gov,Bigender
681,Roseanne,Peirson,rpeirsoniw@bloomberg.com,Genderqueer
682,Yevette,Harvison,yharvisonix@xinhuanet.com,Genderqueer
683,Rozanna,Di Pietro,rdipietroiy@angelfire.com,Polygender
684,Trevar,Pardoe,tpardoeiz@amazon.co.uk,Female
685,Gib,Veltmann,gveltmannj0@theatlantic.com,Agender
686,Brew,Gwyer,bgwyerj1@ocn.ne.jp,Male
687,Sheridan,O'Mannion,somannionj2@constantcontact.com,Non-binary
688,Erek,Chugg,echuggj3@nasa.gov,Male
689,Anthiathia,Wraith,awraithj4@163.com,Agender
690,Becka,Formoy,bformoyj5@diigo.com,Bigender
691,Isahella,Pettinger,ipettingerj6@blogs.com,Male
692,Virge,Jendrys,vjendrysj7@admin.ch,Genderfluid
693,Nara,Dumphry,ndumphryj8@comcast.net,Bigender
694,Reggi,Sherwell,rsherwellj9@sciencedaily.com,Genderfluid
695,Allayne,Peebles,apeeblesja@techcrunch.com,Bigender
696,Hillyer,Ledrane,hledranejb@deviantart.com,Genderqueer
697,Isidore,Billborough,ibillboroughjc@163.com,Agender
698,Temp,Faulds,tfauldsjd@spiegel.de,Bigender
699,Holly,Sarrell,hsarrellje@google.es,Female
700,Evelina,Lackemann,elackemannjf@cdbaby.com,Genderqueer
701,Andi,Looney,alooneyjg@army.mil,Polygender
702,Elset,Sola,esolajh@cafepress.com,Agender
703,Emmeline,Audley,eaudleyji@epa.gov,Polygender
704,Martin,Anand,manandjj@wikispaces.com,Genderqueer
705,Elicia,Yeude,eyeudejk@tumblr.com,Non-binary
706,Leese,Spriddle,lspriddlejl@google.it,Polygender
707,Wynn,Enefer,weneferjm@disqus.com,Genderfluid
708,Fannie,Danovich,fdanovichjn@narod.ru,Polygender
709,Shane,Whettleton,swhettletonjo@sakura.ne.jp,Female
710,Yurik,Rhule,yrhulejp@nba.com,Genderqueer
711,Wynn,Yurocjkin,wyurocjkinjq@narod.ru,Agender
712,Ira,Herion,iherionjr@google.co.jp,Agender
713,Wilton,Van T'Hoog,wvanthoogjs@flavors.me,Polygender
714,Evangelia,Dows,edowsjt@wiley.com,Polygender
715,Dorri,Smethurst,dsmethurstju@weather.com,Genderfluid
716,Neall,Pirrone,npirronejv@state.gov,Female
717,Tally,Saur,tsaurjw@webmd.com,Bigender
718,Sherman,Mashal,smashaljx@timesonline.co.uk,Genderfluid
719,Nevsa,Mathiot,nmathiotjy@google.it,Genderqueer
720,Lilia,Matokhnin,lmatokhninjz@nytimes.com,Genderqueer
721,Harmonia,Tuckwood,htuckwoodk0@state.tx.us,Polygender
722,Emalee,Malia,emaliak1@vkontakte.ru,Agender
723,Saunders,Mabbe,smabbek2@deviantart.com,Agender
724,Devin,Adrain,dadraink3@cbc.ca,Polygender
725,Latashia,MacFarlane,lmacfarlanek4@washington.edu,Non-binary
726,Lorilee,Hanington,lhaningtonk5@npr.org,Male
727,Nelle,Gentry,ngentryk6@rediff.com,Polygender
728,Glyn,Fothergill,gfothergillk7@redcross.org,Polygender
729,Giraud,Scardifeild,gscardifeildk8@msu.edu,Female
730,Brittni,Annable,bannablek9@prweb.com,Bigender
731,Ervin,Hargreave,ehargreaveka@sciencedirect.com,Female
732,Ferdy,Bundey,fbundeykb@weather.com,Genderfluid
733,Eberto,Letford,eletfordkc@oaic.gov.au,Non-binary
734,Caryn,Sheward,cshewardkd@mozilla.org,Non-binary
735,Brewer,Doni,bdonike@un.org,Agender
736,Henryetta,Adriani,hadrianikf@addtoany.com,Polygender
737,Gilburt,Hainning,ghainningkg@plala.or.jp,Female
738,Abbe,Mac,amackh@weibo.com,Genderfluid
739,Fulton,Edgerton,fedgertonki@slate.com,Genderqueer
740,Alia,Applegarth,aapplegarthkj@wikipedia.org,Agender
741,Bernard,Haton,bhatonkk@360.cn,Non-binary
742,Shawn,Horsey,shorseykl@bloomberg.com,Female
743,Arline,Jephson,ajephsonkm@artisteer.com,Bigender
744,Hagen,Dryburgh,hdryburghkn@bbb.org,Non-binary
745,Maible,Gilliat,mgilliatko@nydailynews.com,Genderqueer
746,Gayle,Pothergill,gpothergillkp@symantec.com,Genderfluid
747,Chilton,Willstrop,cwillstropkq@shop-pro.jp,Female
748,Davida,Cornew,dcornewkr@about.com,Male
749,Hedwiga,Heistermann,hheistermannks@delicious.com,Female
750,Clerkclaude,Thompstone,cthompstonekt@addthis.com,Genderqueer
751,Lucius,Jorge,ljorgeku@kickstarter.com,Bigender
752,Pavlov,Anespie,panespiekv@latimes.com,Bigender
753,Caterina,Helliwell,chelliwellkw@unesco.org,Agender
754,Ralph,Heggs,rheggskx@altervista.org,Genderfluid
755,Archibald,Jeroch,ajerochky@facebook.com,Agender
756,Karil,Sprason,ksprasonkz@fda.gov,Bigender
757,Zach,Simmank,zsimmankl0@tinypic.com,Genderfluid
758,Arlyne,Banbrook,abanbrookl1@who.int,Polygender
759,Reginald,Truss,rtrussl2@cbslocal.com,Bigender
760,Guinna,Touhig,gtouhigl3@weibo.com,Non-binary
761,Dewie,Burns,dburnsl4@furl.net,Polygender
762,Robyn,McElmurray,rmcelmurrayl5@istockphoto.com,Polygender
763,Giacinta,Watford,gwatfordl6@plala.or.jp,Genderqueer
764,Karyn,Churching,kchurchingl7@pinterest.com,Male
765,Nickolai,Pentony,npentonyl8@baidu.com,Male
766,Idalia,Capini,icapinil9@examiner.com,Genderqueer
767,Joyous,Hodgon,jhodgonla@wufoo.com,Non-binary
768,Claire,Senn,csennlb@nba.com,Bigender
769,Odele,Hegley,ohegleylc@illinois.edu,Agender
770,Joshia,Leavy,jleavyld@noaa.gov,Genderqueer
771,Jeremie,Ciccottini,jciccottinile@ucla.edu,Non-binary
772,Vicky,Lowings,vlowingslf@ovh.net,Male
773,Clemmie,Marchi,cmarchilg@earthlink.net,Polygender
774,Kenneth,Maccree,kmaccreelh@webs.com,Genderqueer
775,Kerianne,Rattry,krattryli@cdbaby.com,Male
776,Deloria,Moniker,dmonikerlj@flavors.me,Agender
777,Brina,Aronow,baronowlk@facebook.com,Bigender
778,Trista,McGarahan,tmcgarahanll@reddit.com,Bigender
779,Juli,Gatus,jgatuslm@surveymonkey.com,Bigender
780,Cindi,Beddoes,cbeddoesln@usgs.gov,Bigender
781,Xymenes,Sexon,xsexonlo@stumbleupon.com,Female
782,Hodge,Droghan,hdroghanlp@nih.gov,Genderfluid
783,Cal,Glencross,cglencrosslq@berkeley.edu,Male
784,Jobye,Rewcastle,jrewcastlelr@samsung.com,Genderqueer
785,Jessee,Crosbie,jcrosbiels@hhs.gov,Genderqueer
786,Lionel,Butterfield,lbutterfieldlt@reuters.com,Genderfluid
787,Melisenda,Woolatt,mwoolattlu@mayoclinic.com,Polygender
788,Devlin,Alejandri,dalejandrilv@slate.com,Female
789,Mickey,Howling,mhowlinglw@devhub.com,Non-binary
790,Ninon,Schusterl,nschusterllx@nih.gov,Female
791,Federica,Urvoy,furvoyly@jalbum.net,Bigender
792,Carin,Spackman,cspackmanlz@webeden.co.uk,Male
793,Cassy,Gossop,cgossopm0@histats.com,Bigender
794,Bear,Le Fleming,bleflemingm1@prweb.com,Male
795,Fayth,Fidgeon,ffidgeonm2@sun.com,Male
796,Kyla,Waycott,kwaycottm3@prweb.com,Male
797,Siouxie,Shouler,sshoulerm4@alexa.com,Male
798,Annnora,Tomaselli,atomasellim5@msu.edu,Agender
799,Randie,Bee,rbeem6@desdev.cn,Genderqueer
800,Gregor,Silvester,gsilvesterm7@sakura.ne.jp,Non-binary
801,Dacie,de Mendoza,ddemendozam8@google.com.au,Male
802,Amabelle,Grunder,agrunderm9@bravesites.com,Male
803,Halsy,Gergher,hgergherma@whitehouse.gov,Female
804,Morganne,Medley,mmedleymb@creativecommons.org,Polygender
805,Anthiathia,Barmadier,abarmadiermc@arstechnica.com,Non-binary
806,Nicola,Knock,nknockmd@theglobeandmail.com,Non-binary
807,Broddie,Haverson,bhaversonme@cmu.edu,Agender
808,Charity,Tabour,ctabourmf@ca.gov,Bigender
809,Cynthea,Pryce,cprycemg@nytimes.com,Male
810,Kingsly,Pellingar,kpellingarmh@about.me,Polygender
811,Meade,Piola,mpiolami@nba.com,Polygender
812,Joete,Cargon,jcargonmj@usgs.gov,Male
813,Tandie,Scampion,tscampionmk@php.net,Agender
814,Sauncho,Razzell,srazzellml@tamu.edu,Agender
815,Clem,Crielly,ccriellymm@imageshack.us,Bigender
816,Marcia,Clews,mclewsmn@oaic.gov.au,Genderqueer
817,Megan,Dursley,mdursleymo@geocities.com,Agender
818,Conn,Lockhurst,clockhurstmp@gmpg.org,Genderqueer
819,Sibley,McLarnon,smclarnonmq@webeden.co.uk,Male
820,Lem,Van Der Straaten,lvanderstraatenmr@chicagotribune.com,Polygender
821,Garek,Kearns,gkearnsms@google.fr,Female
822,Sammy,Chatenier,schateniermt@google.es,Genderfluid
823,Ellis,Scandrick,escandrickmu@github.com,Genderfluid
824,Robyn,Stuffins,rstuffinsmv@seattletimes.com,Bigender
825,Hunfredo,Cubitt,hcubittmw@wufoo.com,Bigender
826,Leonerd,Lucus,llucusmx@tripod.com,Male
827,Rubetta,Karslake,rkarslakemy@microsoft.com,Non-binary
828,Verile,Hammerton,vhammertonmz@businesswire.com,Genderqueer
829,Matthew,Wrench,mwrenchn0@1und1.de,Polygender
830,Oralle,Okill,ookilln1@fastcompany.com,Genderfluid
831,Saundra,Rijkeseis,srijkeseisn2@dropbox.com,Genderfluid
832,Konrad,Nasey,knaseyn3@slashdot.org,Polygender
833,Natka,Annear,nannearn4@japanpost.jp,Genderqueer
834,Kary,Haggis,khaggisn5@arstechnica.com,Genderfluid
835,Agna,Baldcock,abaldcockn6@scientificamerican.com,Female
836,See,MacLeod,smacleodn7@joomla.org,Female
837,Colene,Handley,chandleyn8@skyrock.com,Female
838,Gunilla,Dack,gdackn9@accuweather.com,Polygender
839,Gaspar,Chazelle,gchazellena@uiuc.edu,Male
840,Michaela,Gyford,mgyfordnb@nydailynews.com,Non-binary
841,Hamish,Meininking,hmeininkingnc@intel.com,Agender
842,Lowell,Ronan,lronannd@photobucket.com,Genderfluid
843,Laurel,Beel,lbeelne@blog.com,Polygender
844,Christy,Dymidowski,cdymidowskinf@vkontakte.ru,Female
845,Em,Claricoats,eclaricoatsng@nsw.gov.au,Male
846,Laetitia,Mullin,lmullinnh@cbslocal.com,Female
847,Joshua,Demschke,jdemschkeni@nationalgeographic.com,Non-binary
848,Kendrick,Kender,kkendernj@qq.com,Female
849,Quinlan,Ormesher,qormeshernk@kickstarter.com,Bigender
850,Decca,Kleinstub,dkleinstubnl@infoseek.co.jp,Polygender
851,Dominik,Jizhaki,djizhakinm@123-reg.co.uk,Female
852,Miriam,Treadger,mtreadgernn@hibu.com,Male
853,Noelyn,Plitz,nplitzno@uol.com.br,Male
854,Vergil,Matisoff,vmatisoffnp@usgs.gov,Genderfluid
855,Errol,Knappett,eknappettnq@gov.uk,Bigender
856,Jedd,Fradson,jfradsonnr@utexas.edu,Non-binary
857,Debbie,Lauritsen,dlauritsenns@unc.edu,Bigender
858,Ray,Addinall,raddinallnt@nba.com,Agender
859,Delores,Gieves,dgievesnu@freewebs.com,Bigender
860,Adams,Siemantel,asiemantelnv@independent.co.uk,Agender
861,Inna,Filipic,ifilipicnw@posterous.com,Polygender
862,Debor,Raselles,drasellesnx@who.int,Genderfluid
863,Prissie,Burmaster,pburmasterny@webeden.co.uk,Genderfluid
864,Candice,O'Cridigan,cocridigannz@youtu.be,Agender
865,Keri,Gabel,kgabelo0@facebook.com,Genderqueer
866,Travers,Heck,thecko1@ed.gov,Male
867,Chad,Jurisch,cjurischo2@addthis.com,Genderqueer
868,Iorgo,MacGinley,imacginleyo3@foxnews.com,Genderqueer
869,Lorne,MacMenamin,lmacmenamino4@gizmodo.com,Female
870,Joycelin,Riggey,jriggeyo5@multiply.com,Female
871,Ravid,Prator,rpratoro6@irs.gov,Genderqueer
872,Artair,Mealiffe,amealiffeo7@theglobeandmail.com,Female
873,Deanne,Neill,dneillo8@godaddy.com,Female
874,Kassia,Comiskey,kcomiskeyo9@wsj.com,Genderfluid
875,Curt,Habergham,chaberghamoa@sciencedirect.com,Female
876,Camila,Pounder,cpounderob@furl.net,Genderqueer
877,Colly,Keoghane,ckeoghaneoc@bigcartel.com,Bigender
878,Tessie,Keigher,tkeigherod@springer.com,Polygender
879,Joshua,Prandin,jprandinoe@vinaora.com,Male
880,Ardelis,Frizell,afrizellof@aol.com,Genderfluid
881,Karita,Relton,kreltonog@joomla.org,Non-binary
882,Clerissa,Lerer,clereroh@odnoklassniki.ru,Bigender
883,Georgeanne,Danilevich,gdanilevichoi@de.vu,Female
884,Kipp,Baynes,kbaynesoj@pbs.org,Polygender
885,Katharyn,Catterall,kcatterallok@a8.net,Bigender
886,Maddalena,Henze,mhenzeol@fotki.com,Male
887,Lottie,Dee,ldeeom@wikispaces.com,Genderqueer
888,Noelani,Goodright,ngoodrighton@yandex.ru,Female
889,Staffard,Levecque,slevecqueoo@discuz.net,Male
890,Alethea,Cockerell,acockerellop@state.gov,Non-binary
891,Mic,Scanes,mscanesoq@usgs.gov,Bigender
892,Averil,Lenton,alentonor@pagesperso-orange.fr,Female
893,Kathryne,Westfield,kwestfieldos@mtv.com,Male
894,Allie,Antonchik,aantonchikot@usnews.com,Female
895,Valerye,Sollner,vsollnerou@slashdot.org,Agender
896,Tome,Docker,tdockerov@xrea.com,Male
897,Roger,Parkey,rparkeyow@multiply.com,Non-binary
898,Dino,Braid,dbraidox@vk.com,Bigender
899,Bartlett,Chisholm,bchisholmoy@shop-pro.jp,Male
900,Leupold,Howard,lhowardoz@uol.com.br,Genderfluid
901,Daffi,Overbury,doverburyp0@comsenz.com,Female
902,Ange,Deeny,adeenyp1@nyu.edu,Male
903,Estel,Leisman,eleismanp2@list-manage.com,Bigender
904,Burgess,Rickcord,brickcordp3@utexas.edu,Genderfluid
905,Borg,Coplestone,bcoplestonep4@deliciousdays.com,Male
906,Brigg,Beaver,bbeaverp5@histats.com,Non-binary
907,Sam,Kirsch,skirschp6@shareasale.com,Male
908,Gordy,Hixley,ghixleyp7@webnode.com,Genderfluid
909,Gradey,Shade,gshadep8@slashdot.org,Non-binary
910,Bendite,Duesbury,bduesburyp9@ca.gov,Male
911,Willetta,Lossman,wlossmanpa@theatlantic.com,Agender
912,Lemar,Sabati,lsabatipb@patch.com,Male
913,Renado,Isack,risackpc@g.co,Bigender
914,Hale,Tadd,htaddpd@nih.gov,Bigender
915,Rustin,Bernuzzi,rbernuzzipe@umich.edu,Genderfluid
916,Donnie,Aucock,daucockpf@ucsd.edu,Female
917,Leanora,Shellshear,lshellshearpg@biblegateway.com,Female
918,Gunner,Earwicker,gearwickerph@diigo.com,Agender
919,Brook,Flucker,bfluckerpi@wunderground.com,Polygender
920,Hillier,MacCambridge,hmaccambridgepj@ask.com,Female
921,Marylynne,Calfe,mcalfepk@va.gov,Female
922,Moses,Wharf,mwharfpl@istockphoto.com,Genderqueer
923,Happy,Skrines,hskrinespm@hp.com,Non-binary
924,Bradley,Pinkard,bpinkardpn@washington.edu,Bigender
925,Clayson,Lebond,clebondpo@freewebs.com,Agender
926,Mendy,Ivanyushin,mivanyushinpp@domainmarket.com,Polygender
927,Lynnell,Dive,ldivepq@uol.com.br,Non-binary
928,Donia,Coultass,dcoultasspr@msu.edu,Male
929,Corina,Dimeloe,cdimeloeps@posterous.com,Agender
930,Fayth,Bernier,fbernierpt@ocn.ne.jp,Genderfluid
931,Jobye,Treasure,jtreasurepu@1688.com,Female
932,Kit,Armistead,karmisteadpv@archive.org,Genderqueer
933,Stanford,Betts,sbettspw@clickbank.net,Female
934,Clementine,Stollmeier,cstollmeierpx@dropbox.com,Bigender
935,Lorianna,Burgwyn,lburgwynpy@mit.edu,Male
936,Maximilianus,Kunz,mkunzpz@paginegialle.it,Genderfluid
937,Jo ann,Gannan,jgannanq0@ted.com,Bigender
938,Krysta,Bernaert,kbernaertq1@google.cn,Male
939,Blisse,Wardlow,bwardlowq2@go.com,Female
940,Tyson,Robberecht,trobberechtq3@w3.org,Genderfluid
941,Danika,Critchlow,dcritchlowq4@parallels.com,Non-binary
942,Yanaton,Stredder,ystredderq5@bizjournals.com,Female
943,Zoe,Godsil,zgodsilq6@sohu.com,Male
944,Ole,Hazlegrove,ohazlegroveq7@un.org,Male
945,Romonda,Roger,rrogerq8@bing.com,Bigender
946,Costanza,Kohrs,ckohrsq9@usda.gov,Non-binary
947,Lauretta,Rihanek,lrihanekqa@123-reg.co.uk,Polygender
948,Berny,MacMurray,bmacmurrayqb@tripod.com,Non-binary
949,Spence,McTurk,smcturkqc@uiuc.edu,Bigender
950,Korry,Zanettini,kzanettiniqd@indiatimes.com,Non-binary
951,Toby,Searl,tsearlqe@hhs.gov,Genderqueer
952,Clio,Hovenden,chovendenqf@indiatimes.com,Genderfluid
953,Heinrick,Stiggles,hstigglesqg@rediff.com,Bigender
954,Inger,Bricksey,ibrickseyqh@xing.com,Polygender
955,Courtney,Krysztowczyk,ckrysztowczykqi@vinaora.com,Female
956,Hayes,Tomaini,htomainiqj@cocolog-nifty.com,Genderfluid
957,Van,Weddeburn,vweddeburnqk@rakuten.co.jp,Bigender
958,Shell,Lawdham,slawdhamql@stumbleupon.com,Polygender
959,Inna,MacKonochie,imackonochieqm@homestead.com,Polygender
960,Maressa,Illingsworth,millingsworthqn@google.it,Genderfluid
961,Jerrine,Bairnsfather,jbairnsfatherqo@hao123.com,Non-binary
962,Si,Reignolds,sreignoldsqp@boston.com,Genderqueer
963,Fairfax,Baiden,fbaidenqq@adobe.com,Genderqueer
964,Margaretha,Torbard,mtorbardqr@ft.com,Agender
965,Bellina,Phinn,bphinnqs@ehow.com,Non-binary
966,Shelley,Clift,scliftqt@xing.com,Female
967,Mireielle,Dunbobbin,mdunbobbinqu@pagesperso-orange.fr,Male
968,Gaby,Lillicrop,glillicropqv@sakura.ne.jp,Genderqueer
969,Myrtie,Semeniuk,msemeniukqw@diigo.com,Non-binary
970,Trudie,Arnow,tarnowqx@ox.ac.uk,Agender
971,Chelsea,Albone,calboneqy@phpbb.com,Non-binary
972,Terza,Gerrey,tgerreyqz@fastcompany.com,Polygender
973,Eugenie,Morratt,emorrattr0@gnu.org,Non-binary
974,Annabelle,de Cullip,adecullipr1@tinypic.com,Polygender
975,Nestor,O'Duggan,nodugganr2@quantcast.com,Non-binary
976,Lynnell,Reboul,lreboulr3@netscape.com,Female
977,Dante,Bonner,dbonnerr4@goo.gl,Male
978,Andrus,Bernadon,abernadonr5@alexa.com,Female
979,Waite,Kemet,wkemetr6@economist.com,Bigender
980,Ludvig,Gready,lgreadyr7@youku.com,Genderqueer
981,Margalit,Joron,mjoronr8@cdbaby.com,Agender
982,Gayel,MacGown,gmacgownr9@123-reg.co.uk,Female
983,Janna,Cullnean,jcullneanra@ehow.com,Male
984,Brande,Ranner,brannerrb@princeton.edu,Non-binary
985,Genvieve,Gaskarth,ggaskarthrc@nih.gov,Female
986,Calvin,Dixson,cdixsonrd@blogs.com,Bigender
987,Eolanda,Duckitt,educkittre@si.edu,Agender
988,Min,Heynen,mheynenrf@aol.com,Polygender
989,Martina,Autie,mautierg@dyndns.org,Genderfluid
990,Kath,Bassano,kbassanorh@accuweather.com,Non-binary
991,Robinette,Yarr,ryarrri@sourceforge.net,Agender
992,Giovanni,Handrock,ghandrockrj@wufoo.com,Agender
993,Gregoire,McHardy,gmchardyrk@latimes.com,Agender
994,Allegra,Lynch,alynchrl@hatena.ne.jp,Genderqueer
995,Archibaldo,Tudor,atudorrm@zimbio.com,Genderfluid
996,Arabelle,Gerckens,agerckensrn@i2i.jp,Genderqueer
997,Teodora,Chesterman,tchestermanro@instagram.com,Male
998,Antoine,Di Lucia,adiluciarp@cisco.com,Bigender
999,Enid,Shrieve,eshrieverq@pagesperso-orange.fr,Non-binary
1000,Candida,Bernon,cbernonrr@macromedia.com,Bigender
